<?xml version="1.0" encoding="windows-1251" ?>
<game_dialogs>
    <dialog id="gar_seryi_about_garbage">
        <precondition>xr_conditions.gar_bandits_seryi_die</precondition>
        <has_info>gar_seryi_open_fire</has_info>
        <phrase_list>
            <phrase id="11">
                <text>gar_seryi_about_garbage_11</text>
                <give_info>gar_remove_fake_spot7</give_info>
                <give_info>gar_remove_fake_spot8</give_info>
                <give_info>gar_remove_fake_spot4</give_info>
            </phrase>
            <phrase id="1">
                <text>gar_seryi_about_garbage_1</text>
                <next>11</next>
            </phrase>
            <phrase id="0">
                <text>gar_seryi_about_garbage_0</text>
                <next>1</next>
            </phrase>
        </phrase_list>
    </dialog>
    <dialog id="gar_dramm_novice_start">
        <phrase_list>
            <phrase id="1">
                <text>gar_dramm_novice_start_1</text>
                <dont_has_info>gar_dm_novice_change_st</dont_has_info>
                <next>2</next>
            </phrase>
            <phrase id="2">
                <text>gar_dramm_novice_start_2</text>
                <next>21</next>
            </phrase>
            <phrase id="21">
                <text>gar_dramm_novice_start_21</text>
                <give_info>gar_add_fake_spot3</give_info>
            </phrase>
            <phrase id="31">
                <text>gar_dramm_novice_start_31</text>
                <next>311</next>
                <next>312</next>
            </phrase>
            <phrase id="311">
                <text>gar_dramm_novice_start_311</text>
                <give_info>gar_add_fake_spot1</give_info>
                <give_info>gar_add_fake_spot4</give_info>
                <next>3111</next>
            </phrase>
            <phrase id="3111">
                <text>gar_dramm_novice_start_3111</text>
                <next>31111</next>
            </phrase>
            <phrase id="31111">
                <text>gar_dramm_novice_start_31111</text>
                <give_info>gar_add_fake_spot2</give_info>
            </phrase>
            <phrase id="312">
                <text>gar_dramm_novice_start_312</text>
                <give_info>gar_add_fake_spot1</give_info>
                <give_info>gar_add_fake_spot4</give_info>
            </phrase>
            <phrase id="11">
                <text>gar_dramm_novice_start_11</text>
                <has_info>gar_dm_novice_change_st</has_info>
            </phrase>
            <phrase id="3">
                <text>gar_dramm_novice_start_3</text>
                <dont_has_info>gar_add_fake_spot3</dont_has_info>
                <next>31</next>
            </phrase>
            <phrase id="0">
                <text>gar_dramm_novice_start_0</text>
                <next>1</next>
                <next>11</next>
                <next>3</next>
            </phrase>
        </phrase_list>
    </dialog>
    <dialog id="gar_stalker_about_level">
        <precondition>dialogs.level_garbage</precondition>
        <phrase_list>
            <phrase id="1">
                <text>gar_stalker_about_level_1</text>
            </phrase>
            <phrase id="0">
                <text>gar_stalker_about_level_0</text>
                <next>1</next>
            </phrase>
        </phrase_list>
    </dialog>
    <dialog id="gar_hellcar_start">
        <phrase_list>
            <phrase id="111121">
                <text>gar_hellcar_start_111121</text>
            </phrase>
            <phrase id="4">
                <text />
                <dont_has_info>gar_after_battle</dont_has_info>
                <dont_has_info>gar_bandits_killed</dont_has_info>
                <has_info>gar_hellcar_help</has_info>
                <next>41</next>
            </phrase>
            <phrase id="5">
                <text />
                <has_info>gar_bandits_damaged</has_info>
                <next>51</next>
            </phrase>
            <phrase id="111111">
                <text>gar_hellcar_start_111111</text>
            </phrase>
            <phrase id="311141112">
                <text>gar_hellcar_start_311141112</text>
                <next>3111411121</next>
            </phrase>
            <phrase id="3111411121">
                <text>gar_hellcar_start_3111411121</text>
                <next>31114111211</next>
            </phrase>
            <phrase id="31114111211">
                <text>gar_hellcar_start_31114111211</text>
                <give_info>gar_add_fake_spot5</give_info>
                <give_info>gar_add_fake_spot6</give_info>
                <next>31</next>
            </phrase>
            <phrase id="1">
                <text />
                <dont_has_info>gar_bandits_raid</dont_has_info>
                <dont_has_info>gar_bandits_damaged</dont_has_info>
                <next>11</next>
            </phrase>
            <phrase id="11">
                <text>gar_hellcar_start_11</text>
                <next>111</next>
            </phrase>
            <phrase id="111131">
                <text>gar_hellcar_start_111131</text>
            </phrase>
            <phrase id="11111">
                <text>gar_hellcar_start_11111</text>
                <precondition>xr_conditions.gar_not_damaged_bandits</precondition>
                <give_info>gar_hellcar_help</give_info>
                <give_info>gar_bandits_raid</give_info>
                <next>111111</next>
            </phrase>
            <phrase id="11112">
                <text>gar_hellcar_start_11112</text>
                <precondition>xr_conditions.gar_not_damaged_bandits</precondition>
                <give_info>gar_hellcar_reject</give_info>
                <give_info>gar_bandits_raid</give_info>
                <next>111121</next>
            </phrase>
            <phrase id="11113">
                <text>gar_hellcar_start_11113</text>
                <precondition>xr_conditions.gar_damaged_bandits</precondition>
                <give_info>gar_bandits_damaged</give_info>
                <next>111131</next>
            </phrase>
            <phrase id="1111">
                <text>gar_hellcar_start_1111</text>
                <next>11111</next>
                <next>11112</next>
                <next>11113</next>
            </phrase>
            <phrase id="111">
                <text>gar_hellcar_start_111</text>
                <next>1111</next>
            </phrase>
            <phrase id="31115">
                <text>gar_hellcar_start_31115</text>
                <give_info>gar_hellcar_dialog_end</give_info>
            </phrase>
            <phrase id="41">
                <text>gar_hellcar_start_41</text>
            </phrase>
            <phrase id="51">
                <text>gar_hellcar_start_51</text>
            </phrase>
            <phrase id="31114111">
                <text>gar_hellcar_start_31114111</text>
                <next>311141112</next>
            </phrase>
            <phrase id="3111411">
                <text>gar_hellcar_start_3111411</text>
                <give_info>gar_add_fake_spot9</give_info>
                <give_info>gar_add_fake_spot10</give_info>
                <give_info>gar_add_fake_spot11</give_info>
                <next>31114111</next>
            </phrase>
            <phrase id="311141">
                <text>gar_hellcar_start_311141</text>
                <next>3111411</next>
            </phrase>
            <phrase id="31114">
                <text>gar_hellcar_start_31114</text>
                <give_info>gar_hellcar_dialog_end</give_info>
                <has_info>gar_hellcar_thanks</has_info>
                <next>311141</next>
            </phrase>
            <phrase id="311131111">
                <text>gar_hellcar_start_311131111</text>
                <next>31</next>
            </phrase>
            <phrase id="31113111">
                <text>gar_hellcar_start_31113111</text>
                <next>311131111</next>
            </phrase>
            <phrase id="3111311">
                <text>gar_hellcar_start_3111311</text>
                <next>31113111</next>
            </phrase>
            <phrase id="31113">
                <text>gar_hellcar_start_31113</text>
                <give_info>gar_hellcar_dialog_end</give_info>
                <has_info>gar_hellcar_thanks</has_info>
                <next>311131</next>
            </phrase>
            <phrase id="3112">
                <text>gar_hellcar_start_3112</text>
                <has_info>gar_hellcar_thanks</has_info>
                <next>31113</next>
                <next>31114</next>
                <next>31115</next>
            </phrase>
            <phrase id="2">
                <text />
                <dont_has_info>gar_hellcar_help</dont_has_info>
                <has_info>gar_bandits_raid</has_info>
                <next>21</next>
            </phrase>
            <phrase id="21">
                <text>gar_hellcar_start_21</text>
            </phrase>
            <phrase id="3">
                <text />
                <has_info>gar_hellcar_help</has_info>
                <has_info>gar_bandits_killed</has_info>
                <next>31</next>
            </phrase>
            <phrase id="31">
                <text />
                <next>311</next>
            </phrase>
            <phrase id="3111111">
                <text>gar_hellcar_start_3111111</text>
                <next>31</next>
            </phrase>
            <phrase id="0">
                <text />
                <next>1</next>
                <next>2</next>
                <next>3</next>
                <next>4</next>
                <next>5</next>
            </phrase>
            <phrase id="311131">
                <text>gar_hellcar_start_311131</text>
                <next>3111311</next>
            </phrase>
            <phrase id="311">
                <text />
                <next>3111</next>
                <next>3112</next>
            </phrase>
            <phrase id="3111">
                <text>gar_hellcar_start_3111</text>
                <dont_has_info>gar_hellcar_thanks</dont_has_info>
                <next>31111</next>
            </phrase>
            <phrase id="31111">
                <text>gar_hellcar_start_31111</text>
                <give_info>gar_hellcar_dialog_end</give_info>
                <give_info>gar_hellcar_thanks</give_info>
                <next>311111</next>
            </phrase>
            <phrase id="311111">
                <text>gar_hellcar_start_311111</text>
                <action>garbage_dialogs.hellcar_payment</action>
                <next>3111111</next>
            </phrase>
        </phrase_list>
    </dialog>
    <dialog id="gar_seriy_start">
        <phrase_list>
            <phrase id="1">
                <precondition>xr_conditions.gar_bandits_seryi_not_die</precondition>
                <next>11</next>
            </phrase>
            <phrase id="11">
                <text>gar_seriy_start_11</text>
            </phrase>
            <phrase id="44">
                <text>gar_seriy_start_44</text>
                <next>441</next>
            </phrase>
            <phrase id="441">
                <text>gar_seriy_start_441</text>
                <next>4411</next>
            </phrase>
            <phrase id="4411">
                <text>gar_seriy_start_4411</text>
                <next>44112</next>
            </phrase>
            <phrase id="44112">
                <text>gar_seriy_start_44112</text>
                <give_info>gar_add_fake_spot7</give_info>
                <give_info>gar_add_fake_spot8</give_info>
                <give_info>gar_add_fake_spot4</give_info>
            </phrase>
            <phrase id="33">
                <text>gar_seriy_start_33</text>
                <next>221</next>
                <next>222</next>
            </phrase>
            <phrase id="2212">
                <text>gar_seriy_start_2212</text>
            </phrase>
            <phrase id="2222">
                <text>gar_seriy_start_2222</text>
            </phrase>
            <phrase id="2">
                <text />
                <precondition>xr_conditions.gar_bandits_seryi_die</precondition>
                <dont_has_info>agr_krot_band_start</dont_has_info>
                <has_info>gar_seryi_meet</has_info>
                <next>22</next>
            </phrase>
            <phrase id="3">
                <text />
                <precondition>xr_conditions.gar_bandits_seryi_die</precondition>
                <dont_has_info>agr_krot_band_start</dont_has_info>
                <dont_has_info>gar_seryi_meet</dont_has_info>
                <next>33</next>
            </phrase>
            <phrase id="22">
                <text>gar_seriy_start_22</text>
                <next>221</next>
                <next>222</next>
            </phrase>
            <phrase id="221">
                <text>gar_seriy_start_221</text>
                <give_info>garbage_meetstalker_done</give_info>
                <has_info>garbage_meetstalker_start</has_info>
                <next>2211</next>
            </phrase>
            <phrase id="222">
                <text>gar_seriy_start_222</text>
                <dont_has_info>garbage_meetstalker_start</dont_has_info>
                <give_info>garbage_meetstalker_done</give_info>
                <next>2221</next>
            </phrase>
            <phrase id="4">
                <text />
                <precondition>xr_conditions.gar_bandits_seryi_die</precondition>
                <has_info>agr_krot_band_start</has_info>
                <next>44</next>
            </phrase>
            <phrase id="0">
                <next>1</next>
                <next>2</next>
                <next>3</next>
                <next>4</next>
            </phrase>
            <phrase id="2211">
                <text>gar_seriy_start_2211</text>
                <action>garbage_dialogs.seryi_payment</action>
                <give_info>agr_can_ask_krot_about_gunslinger</give_info>
                <give_info>agr_krot_band_start</give_info>
                <next>2212</next>
            </phrase>
            <phrase id="2221">
                <text>gar_seriy_start_2221</text>
                <action>garbage_dialogs.seryi_payment</action>
                <give_info>agr_krot_band_start</give_info>
                <give_info>agr_can_ask_krot_about_gunslinger</give_info>
                <next>2222</next>
            </phrase>
        </phrase_list>
    </dialog>
    <dialog id="gar_dolg_blokpost">
        <phrase_list>
            <phrase id="111122">
                <text>gar_dolg_blokpost_111122</text>
                <next>111123</next>
            </phrase>
            <phrase id="111123">
                <text>gar_dolg_blokpost_111123</text>
            </phrase>
            <phrase id="1111212111">
                <text>gar_dolg_blokpost_1111212111</text>
            </phrase>
            <phrase id="11112121">
                <text>gar_dolg_blokpost_11112121</text>
                <next>111121211</next>
                <next>111121212</next>
                <next>1111211</next>
            </phrase>
            <phrase id="1111212">
                <text>gar_dolg_blokpost_1111212</text>
                <next>11112121</next>
            </phrase>
            <phrase id="111121211">
                <text>gar_dolg_blokpost_111121211</text>
                <give_info>gar_kill_boars_quest</give_info>
                <next>1111212111</next>
            </phrase>
            <phrase id="1111212121">
                <text>gar_dolg_blokpost_1111212121</text>
            </phrase>
            <phrase id="111121212">
                <text>gar_dolg_blokpost_111121212</text>
                <next>1111212121</next>
            </phrase>
            <phrase id="22">
                <text>gar_dolg_blokpost_22</text>
                <next>221</next>
                <next>222</next>
                <next>1111211</next>
            </phrase>
            <phrase id="221">
                <text>gar_dolg_blokpost_221</text>
                <dont_has_info>gar_kill_boars_done</dont_has_info>
                <next>2211</next>
            </phrase>
            <phrase id="2211">
                <text>gar_dolg_blokpost_2211</text>
            </phrase>
            <phrase id="222">
                <text>gar_dolg_blokpost_222</text>
                <give_info>gar_kill_boars_request</give_info>
                <has_info>gar_kill_boars_done</has_info>
                <next>2221</next>
            </phrase>
            <phrase id="2221">
                <text>gar_dolg_blokpost_2221</text>
            </phrase>
            <phrase id="1111211">
                <text>gar_dolg_blokpost_1111211</text>
                <precondition>garbage_dialogs.has_dolg_bribe</precondition>
                <action>garbage_dialogs.give_dolg_bribe</action>
                <give_info>gar_free_pass</give_info>
                <next>11112111</next>
            </phrase>
            <phrase id="11112111">
                <text>gar_dolg_blokpost_11112111</text>
            </phrase>
            <phrase id="11">
                <text>gar_dolg_blokpost_11</text>
                <next>111</next>
            </phrase>
            <phrase id="111">
                <text>gar_dolg_blokpost_111</text>
                <next>1111</next>
            </phrase>
            <phrase id="1111">
                <text>gar_dolg_blokpost_1111</text>
                <next>11111</next>
                <next>11112</next>
            </phrase>
            <phrase id="11111">
                <text>gar_dolg_blokpost_11111</text>
                <dont_has_info>agroprom_military_case_have</dont_has_info>
                <next>111111</next>
            </phrase>
            <phrase id="111111">
                <text>gar_dolg_blokpost_111111</text>
            </phrase>
            <phrase id="11112">
                <text>gar_dolg_blokpost_11112</text>
                <has_info>agroprom_military_case_have</has_info>
                <next>111121</next>
            </phrase>
            <phrase id="111121">
                <text>gar_dolg_blokpost_111121</text>
                <give_info>gar_free_pass</give_info>
                <next>123</next>
                <next>124</next>
            </phrase>
            <phrase id="0">
                <text></text>
                <next>1</next>
                <next>3</next>
            </phrase>
            <phrase id="12311">
                <text>gar_dolg_blokpost_12311</text>
            </phrase>
            <phrase id="3">
                <text></text>
                <precondition>garbage_dialogs.blokpost_pass</precondition>
                <next>33</next>
            </phrase>
            <phrase id="33">
                <text>gar_dolg_blokpost_33</text>
            </phrase>
            <phrase id="1231">
                <text>gar_dolg_blokpost_1231</text>
                <next>12311</next>
            </phrase>
            <phrase id="1">
                <text></text>
                <precondition>dialogs.actor_not_in_dolg</precondition>
                <dont_has_info>gar_free_pass</dont_has_info>
                <dont_has_info>gar_kill_boars_quest</dont_has_info>
                <next>11</next>
            </phrase>
            <phrase id="124">
                <text></text>
                <dont_has_info>gar_kill_boars_request</dont_has_info>
                <next>33</next>
            </phrase>
            <phrase id="123">
                <text></text>
                <has_info>gar_kill_boars_request</has_info>
                <next>1231</next>
            </phrase>
        </phrase_list>
    </dialog>
</game_dialogs>
