<?xml version="1.0" encoding="windows-1251" ?>
<game_dialogs>
    <dialog id="pri_followers_start_dlg">
        <phrase_list>
            <phrase id="21">
                <text>pri_followers_start_dlg_21</text>
                <next>211</next>
            </phrase>
            <phrase id="211">
                <text>pri_followers_start_dlg_211</text>
                <action>dialogs.break_dialog</action>
            </phrase>
            <phrase id="0">
                <text></text>
                <next>1</next>
                <next>2</next>
                <next>3</next>
                <next>4</next>
            </phrase>
            <phrase id="1">
                <text></text>
                <precondition>dialogs.is_wounded</precondition>
            </phrase>
            <phrase id="2">
                <text></text>
                <precondition>dialogs.is_not_wounded</precondition>
                <dont_has_info>pri_wave7_end</dont_has_info>
                <has_info>pri_followers_start</has_info>
                <next>21</next>
            </phrase>
            <phrase id="4">
                <text></text>
                <precondition>dialogs.is_not_wounded</precondition>
                <has_info>pri_followers_leader_give_info</has_info>
                <next>41</next>
            </phrase>
            <phrase id="41">
                <text>pri_followers_start_dlg_41</text>
                <next>411</next>
            </phrase>
            <phrase id="411">
                <text>pri_followers_start_dlg_411</text>
                <action>dialogs.break_dialog</action>
            </phrase>
            <phrase id="311">
                <text>pri_followers_start_dlg_311</text>
                <action>dialogs.break_dialog</action>
            </phrase>
            <phrase id="31">
                <text>pri_followers_start_dlg_31</text>
                <give_info>pri_show_zones</give_info>
                <give_info>pri_followers_leader_give_info</give_info>
                <next>311</next>
            </phrase>
            <phrase id="3">
                <text></text>
                <precondition>dialogs.is_not_wounded</precondition>
                <dont_has_info>pri_followers_leader_give_info</dont_has_info>
                <has_info>pri_wave7_end</has_info>
                <has_info>pri_followers_start</has_info>
                <next>31</next>
            </phrase>
        </phrase_list>
    </dialog>
</game_dialogs>
